transcript,position,score
tx_id_0,0,0.0227272727272727
tx_id_0,10,0.7772727272727272
tx_id_0,100,0.0136363636363636
tx_id_0,1000,0.5772727272727273
tx_id_0,1010,0.6590909090909091
tx_id_0,1020,0.6181818181818182
tx_id_0,1030,0.0772727272727272
tx_id_0,1040,0.6681818181818182
tx_id_0,1050,0.0272727272727272
tx_id_0,1060,0.5409090909090909
tx_id_0,1070,0.209090909090909
tx_id_0,1080,0.5772727272727273
tx_id_0,1090,0.6272727272727273
tx_id_0,110,0.009090909090909
tx_id_0,1100,0.0181818181818181
tx_id_0,1110,0.6045454545454545
tx_id_0,1120,0.2590909090909091
tx_id_0,1130,0.4409090909090909
tx_id_0,1140,0.4954545454545455
tx_id_0,1150,0.0772727272727272
tx_id_0,1160,0.3454545454545454
tx_id_0,1170,0.3000366568914955
tx_id_0,1180,0.2636363636363636
tx_id_0,1190,0.6863636363636364
tx_id_0,120,0.5
tx_id_0,1200,0.0
tx_id_0,1210,0.6272727272727273
tx_id_0,1220,0.2454545454545454
tx_id_0,1230,0.4681818181818182
tx_id_0,1240,0.0
tx_id_0,1250,0.0318181818181818
tx_id_0,1260,0.0045454545454545
tx_id_0,1270,0.3409090909090909
tx_id_0,1280,0.3454545454545454
tx_id_0,1290,0.1455342902711323
tx_id_0,130,0.0181818181818181
tx_id_0,1300,0.0227272727272727
tx_id_0,1310,0.5681818181818182
tx_id_0,1320,0.05
tx_id_0,1330,0.2590909090909091
tx_id_0,1340,0.6545454545454545
tx_id_0,1350,0.7318181818181818
tx_id_0,1360,0.1681818181818181
tx_id_0,1370,0.0181818181818181
tx_id_0,1380,0.5954545454545455
tx_id_0,1390,0.5409090909090909
tx_id_0,140,0.4227272727272727
tx_id_0,1400,0.6272727272727273
tx_id_0,1410,0.15
tx_id_0,1420,0.1636363636363636
tx_id_0,1430,0.0318181818181818
tx_id_0,1440,0.4772727272727273
tx_id_0,1450,0.0181818181818181
tx_id_0,1460,0.5772727272727273
tx_id_0,1470,0.1818181818181818
tx_id_0,1480,0.0818181818181818
tx_id_0,1490,0.1001196172248803
tx_id_0,150,0.3227272727272727
tx_id_0,1500,0.1686868686868687
tx_id_0,1510,0.0136363636363636
tx_id_0,1520,0.6
tx_id_0,1530,0.209090909090909
tx_id_0,1540,0.3227272727272727
tx_id_0,1550,0.509090909090909
tx_id_0,1560,0.1590909090909091
tx_id_0,1570,0.009090909090909
tx_id_0,1580,0.4
tx_id_0,1590,0.6227272727272727
tx_id_0,160,0.1727272727272727
tx_id_0,1600,0.1454545454545454
tx_id_0,1610,0.5590909090909091
tx_id_0,1620,0.6590909090909091
tx_id_0,1630,0.1363636363636363
tx_id_0,1640,0.3090909090909091
tx_id_0,1650,0.1590909090909091
tx_id_0,1660,0.0955899419729206
tx_id_0,1670,0.1818181818181818
tx_id_0,1680,0.4863636363636364
tx_id_0,1690,0.0045454545454545
tx_id_0,170,0.0181818181818181
tx_id_0,1700,0.2636363636363636
tx_id_0,1710,0.7090909090909091
tx_id_0,1720,0.5590909090909091
tx_id_0,1730,0.0590988005050505
tx_id_0,1740,0.1772727272727272
tx_id_0,1750,0.7909090909090909
tx_id_0,1760,0.4181818181818181
tx_id_0,1770,0.0136363636363636
tx_id_0,1780,0.0909090909090909
tx_id_0,1790,0.1
tx_id_0,180,0.7041666666666666
tx_id_0,1800,0.0454545454545454
tx_id_0,1810,0.4363636363636363
tx_id_0,1820,0.3545454545454545
tx_id_0,1830,0.0181818181818181
tx_id_0,1840,0.1863636363636363
tx_id_0,1850,0.1272727272727272
tx_id_0,1860,0.65
tx_id_0,1870,0.5636363636363636
tx_id_0,1880,0.1363636363636363
tx_id_0,190,0.0363636363636363
tx_id_0,20,0.8181818181818182
tx_id_0,200,0.2318181818181818
tx_id_0,210,0.6136363636363636
tx_id_0,220,0.2
tx_id_0,230,0.1909090909090909
tx_id_0,240,0.5544477028347996
tx_id_0,250,0.4227272727272727
tx_id_0,260,0.2818181818181818
tx_id_0,270,0.059090909090909
tx_id_0,280,0.1454545454545454
tx_id_0,290,0.0409090909090909
tx_id_0,30,0.6363636363636364
tx_id_0,300,0.7318181818181818
tx_id_0,310,0.5136363636363637
tx_id_0,320,0.1818181818181818
tx_id_0,330,0.2590909090909091
tx_id_0,340,0.0545454545454545
tx_id_0,350,0.1363636363636363
tx_id_0,360,0.6954545454545454
tx_id_0,370,0.5863636363636363
tx_id_0,380,0.0863636363636363
tx_id_0,390,0.546969696969697
tx_id_0,40,0.2
tx_id_0,400,0.009090909090909
tx_id_0,410,0.0409090909090909
tx_id_0,420,0.0181818181818181
tx_id_0,430,0.2590909090909091
tx_id_0,440,0.6318181818181818
tx_id_0,450,0.6909090909090909
tx_id_0,460,0.2681818181818182
tx_id_0,470,0.0727272727272727
tx_id_0,480,0.15
tx_id_0,490,0.2545454545454545
tx_id_0,50,0.2318181818181818
tx_id_0,500,0.6954545454545454
tx_id_0,510,0.8272727272727273
tx_id_0,520,0.0545454545454545
tx_id_0,530,0.2954545454545454
tx_id_0,540,0.1681818181818181
tx_id_0,550,0.0772727272727272
tx_id_0,560,0.1545454545454545
tx_id_0,570,0.0
tx_id_0,580,0.1409090909090909
tx_id_0,590,0.0045454545454545
tx_id_0,60,0.0136363636363636
tx_id_0,600,0.009090909090909
tx_id_0,610,0.1454545454545454
tx_id_0,620,0.1409090909090909
tx_id_0,630,0.2318181818181818
tx_id_0,640,0.4409090909090909
tx_id_0,650,0.4321548821548822
tx_id_0,660,0.2454545454545454
tx_id_0,670,0.5545454545454546
tx_id_0,680,0.4590909090909091
tx_id_0,690,0.7772727272727272
tx_id_0,70,0.0
tx_id_0,700,0.1227272727272727
tx_id_0,710,0.1045454545454545
tx_id_0,720,0.2409090909090909
tx_id_0,730,0.0272727272727272
tx_id_0,740,0.2318181818181818
tx_id_0,750,0.1454545454545454
tx_id_0,760,0.0818181818181818
tx_id_0,770,0.4090909090909091
tx_id_0,780,0.045541958041958
tx_id_0,790,0.6454545454545455
tx_id_0,80,0.0
tx_id_0,800,0.2046044864226682
tx_id_0,810,0.3637533559549556
tx_id_0,820,0.3875441306266549
tx_id_0,830,0.0363636363636363
tx_id_0,840,0.0227272727272727
tx_id_0,850,0.5818181818181818
tx_id_0,860,0.15
tx_id_0,870,0.7727272727272727
tx_id_0,880,0.5636363636363636
tx_id_0,890,0.3909090909090909
tx_id_0,90,0.2136363636363636
tx_id_0,900,0.009090909090909
tx_id_0,910,0.0045454545454545
tx_id_0,920,0.5545454545454546
tx_id_0,930,0.3227272727272727
tx_id_0,940,0.2954545454545454
tx_id_0,950,0.0045454545454545
tx_id_0,960,0.3545454545454545
tx_id_0,970,0.1318181818181818
tx_id_0,980,0.0272727272727272
tx_id_0,990,0.5363636363636364
tx_id_1,0,0.0227272727272727
tx_id_1,10,0.7909090909090909
tx_id_1,100,0.0136363636363636
tx_id_1,1000,0.5636363636363636
tx_id_1,1010,0.7227272727272728
tx_id_1,1020,0.6
tx_id_1,1030,0.0772727272727272
tx_id_1,1040,0.6590909090909091
tx_id_1,1050,0.0136363636363636
tx_id_1,1060,0.509090909090909
tx_id_1,1070,0.2136363636363636
tx_id_1,1080,0.5863636363636363
tx_id_1,1090,0.6454545454545455
tx_id_1,110,0.0
tx_id_1,1100,0.0045454545454545
tx_id_1,1110,0.6545454545454545
tx_id_1,1120,0.2545454545454545
tx_id_1,1130,0.4045454545454545
tx_id_1,1140,0.4727272727272727
tx_id_1,1150,0.0681818181818181
tx_id_1,1160,0.3090909090909091
tx_id_1,1170,0.3000366568914955
tx_id_1,1180,0.2590909090909091
tx_id_1,1190,0.6727272727272727
tx_id_1,120,0.4727272727272727
tx_id_1,1200,0.0
tx_id_1,1210,0.6409090909090909
tx_id_1,1220,0.2000741106719367
tx_id_1,1230,0.4727272727272727
tx_id_1,1240,0.0
tx_id_1,1250,0.0272727272727272
tx_id_1,1260,0.0
tx_id_1,1270,0.2909090909090909
tx_id_1,1280,0.35
tx_id_1,1290,0.2045454545454545
tx_id_1,130,0.009090909090909
tx_id_1,1300,0.0
tx_id_1,1310,0.6
tx_id_1,1320,0.0136363636363636
tx_id_1,1330,0.2181818181818181
tx_id_1,1340,0.6590909090909091
tx_id_1,1350,0.75
tx_id_1,1360,0.1
tx_id_1,1370,0.0136363636363636
tx_id_1,1380,0.6136363636363636
tx_id_1,1390,0.5363636363636364
tx_id_1,140,0.4090909090909091
tx_id_1,1400,0.5909090909090909
tx_id_1,1410,0.1318181818181818
tx_id_1,1420,0.1454545454545454
tx_id_1,1430,0.0227272727272727
tx_id_1,1440,0.45
tx_id_1,1450,0.0227272727272727
tx_id_1,1460,0.6319055944055945
tx_id_1,1470,0.1636363636363636
tx_id_1,1480,0.0727272727272727
tx_id_1,1490,0.0864832535885167
tx_id_1,150,0.3045454545454545
tx_id_1,1500,0.1595959595959596
tx_id_1,1510,0.0227272727272727
tx_id_1,1520,0.5863636363636363
tx_id_1,1530,0.15
tx_id_1,1540,0.2454545454545454
tx_id_1,1550,0.5136363636363637
tx_id_1,1560,0.1636363636363636
tx_id_1,1570,0.009090909090909
tx_id_1,1580,0.4136363636363636
tx_id_1,1590,0.5636363636363636
tx_id_1,160,0.1772727272727272
tx_id_1,1600,0.0545454545454545
tx_id_1,1610,0.5727272727272728
tx_id_1,1620,0.6954545454545454
tx_id_1,1630,0.1181818181818181
tx_id_1,1640,0.2636363636363636
tx_id_1,1650,0.1590909090909091
tx_id_1,1660,0.0369317952218069
tx_id_1,1670,0.1273601398601398
tx_id_1,1680,0.4681818181818182
tx_id_1,1690,0.0045454545454545
tx_id_1,170,0.0227272727272727
tx_id_1,1700,0.2590909090909091
tx_id_1,1710,0.6630094043887147
tx_id_1,1720,0.5636363636363636
tx_id_1,1730,0.0727351641414141
tx_id_1,1740,0.1181818181818181
tx_id_1,1750,0.7727272727272727
tx_id_1,1760,0.3863636363636363
tx_id_1,1770,0.0318181818181818
tx_id_1,1780,0.0772727272727272
tx_id_1,1790,0.0954805194805194
tx_id_1,180,0.6814393939393939
tx_id_1,1800,0.0363636363636363
tx_id_1,1810,0.4090909090909091
tx_id_1,1820,0.2772727272727273
tx_id_1,1830,0.0181818181818181
tx_id_1,1840,0.1136363636363636
tx_id_1,1850,0.0772727272727272
tx_id_1,1860,0.6272727272727273
tx_id_1,1870,0.5136363636363637
tx_id_1,1880,0.1545454545454545
tx_id_1,190,0.0545454545454545
tx_id_1,20,0.8318181818181818
tx_id_1,200,0.2136363636363636
tx_id_1,210,0.6272727272727273
tx_id_1,220,0.1909090909090909
tx_id_1,230,0.1454545454545454
tx_id_1,240,0.6494477028347996
tx_id_1,250,0.45
tx_id_1,260,0.3273601398601399
tx_id_1,270,0.0363636363636363
tx_id_1,280,0.0863636363636363
tx_id_1,290,0.0136363636363636
tx_id_1,30,0.6454545454545455
tx_id_1,300,0.6909090909090909
tx_id_1,310,0.4181818181818181
tx_id_1,320,0.1727272727272727
tx_id_1,330,0.2181818181818181
tx_id_1,340,0.0545454545454545
tx_id_1,350,0.1409090909090909
tx_id_1,360,0.6909090909090909
tx_id_1,370,0.5136363636363637
tx_id_1,380,0.0909090909090909
tx_id_1,390,0.4742424242424242
tx_id_1,40,0.2136363636363636
tx_id_1,400,0.0
tx_id_1,410,0.0363636363636363
tx_id_1,420,0.0181818181818181
tx_id_1,430,0.3318181818181818
tx_id_1,440,0.6590909090909091
tx_id_1,450,0.7272727272727273
tx_id_1,460,0.2727272727272727
tx_id_1,470,0.0636363636363636
tx_id_1,480,0.109090909090909
tx_id_1,490,0.2318181818181818
tx_id_1,50,0.1818181818181818
tx_id_1,500,0.7
tx_id_1,510,0.8636363636363636
tx_id_1,520,0.0272727272727272
tx_id_1,530,0.2318181818181818
tx_id_1,540,0.1590909090909091
tx_id_1,550,0.0727272727272727
tx_id_1,560,0.1454545454545454
tx_id_1,570,0.0
tx_id_1,580,0.0409090909090909
tx_id_1,590,0.0
tx_id_1,60,0.0136363636363636
tx_id_1,600,0.009090909090909
tx_id_1,610,0.109090909090909
tx_id_1,620,0.1363636363636363
tx_id_1,630,0.25
tx_id_1,640,0.4090909090909091
tx_id_1,650,0.413973063973064
tx_id_1,660,0.1818181818181818
tx_id_1,670,0.6227272727272727
tx_id_1,680,0.4545454545454545
tx_id_1,690,0.7727272727272727
tx_id_1,70,0.0
tx_id_1,700,0.1136363636363636
tx_id_1,710,0.1
tx_id_1,720,0.2
tx_id_1,730,0.0227272727272727
tx_id_1,740,0.2136363636363636
tx_id_1,750,0.1590909090909091
tx_id_1,760,0.0681818181818181
tx_id_1,770,0.4272727272727272
tx_id_1,780,0.0546328671328671
tx_id_1,790,0.6863636363636364
tx_id_1,80,0.0
tx_id_1,800,0.1682408500590318
tx_id_1,810,0.3410088242109344
tx_id_1,820,0.3648168578993822
tx_id_1,830,0.0409090909090909
tx_id_1,840,0.0181818181818181
tx_id_1,850,0.5727272727272728
tx_id_1,860,0.1
tx_id_1,870,0.7863636363636364
tx_id_1,880,0.5272727272727272
tx_id_1,890,0.3909090909090909
tx_id_1,90,0.2545454545454545
tx_id_1,900,0.0045454545454545
tx_id_1,910,0.0045454545454545
tx_id_1,920,0.5772727272727273
tx_id_1,930,0.2818181818181818
tx_id_1,940,0.2863636363636364
tx_id_1,950,0.0045454545454545
tx_id_1,960,0.2954545454545454
tx_id_1,970,0.1136363636363636
tx_id_1,980,0.0227272727272727
tx_id_1,990,0.5363636363636364
tx_id_2,0,0.009090909090909
tx_id_2,10,0.7045454545454546
tx_id_2,100,0.0136363636363636
tx_id_2,1000,0.5409090909090909
tx_id_2,1010,0.6909090909090909
tx_id_2,1020,0.5181818181818182
tx_id_2,1030,0.1136363636363636
tx_id_2,1040,0.5181818181818182
tx_id_2,1050,0.0
tx_id_2,1060,0.4136363636363636
tx_id_2,1070,0.1590909090909091
tx_id_2,1080,0.5590909090909091
tx_id_2,1090,0.5545454545454546
tx_id_2,110,0.009090909090909
tx_id_2,1100,0.0045454545454545
tx_id_2,1110,0.6909090909090909
tx_id_2,1120,0.2636363636363636
tx_id_2,1130,0.2318181818181818
tx_id_2,1140,0.4318181818181818
tx_id_2,1150,0.0909090909090909
tx_id_2,1160,0.3103896103896103
tx_id_2,1170,0.1727756145918929
tx_id_2,1180,0.2681818181818182
tx_id_2,1190,0.6136363636363636
tx_id_2,120,0.5
tx_id_2,1200,0.0
tx_id_2,1210,0.65
tx_id_2,1220,0.0500997333018434
tx_id_2,1230,0.436398872445384
tx_id_2,1240,0.0
tx_id_2,1250,0.0045454545454545
tx_id_2,1260,0.0545454545454545
tx_id_2,1270,0.2136363636363636
tx_id_2,1280,0.3727272727272727
tx_id_2,1290,0.1518181818181818
tx_id_2,130,0.0045454545454545
tx_id_2,1300,0.0
tx_id_2,1310,0.4772727272727273
tx_id_2,1320,0.009090909090909
tx_id_2,1330,0.1772727272727272
tx_id_2,1340,0.7136363636363636
tx_id_2,1350,0.6636363636363637
tx_id_2,1360,0.0772727272727272
tx_id_2,1370,0.0136363636363636
tx_id_2,1380,0.5681818181818182
tx_id_2,1390,0.5272727272727272
tx_id_2,140,0.3869696969696969
tx_id_2,1400,0.5772727272727273
tx_id_2,1410,0.1409090909090909
tx_id_2,1420,0.1181818181818181
tx_id_2,1430,0.0045454545454545
tx_id_2,1440,0.1776223776223776
tx_id_2,1450,0.009090909090909
tx_id_2,1460,0.5818181818181818
tx_id_2,1470,0.15
tx_id_2,1480,0.0363636363636363
tx_id_2,1490,0.1454545454545454
tx_id_2,150,0.2772727272727273
tx_id_2,1500,0.1957792207792207
tx_id_2,1510,0.009090909090909
tx_id_2,1520,0.4363636363636363
tx_id_2,1530,0.1522844122458518
tx_id_2,1540,0.15
tx_id_2,1550,0.5181818181818182
tx_id_2,1560,0.2181818181818181
tx_id_2,1570,0.0
tx_id_2,1580,0.3272727272727272
tx_id_2,1590,0.5954545454545455
tx_id_2,160,0.1229249011857707
tx_id_2,1600,0.0545454545454545
tx_id_2,1610,0.5545454545454546
tx_id_2,1620,0.7
tx_id_2,1630,0.1272727272727272
tx_id_2,1640,0.2454545454545454
tx_id_2,1650,0.1954545454545454
tx_id_2,1660,0.0136777518402898
tx_id_2,1670,0.1545454545454545
tx_id_2,1680,0.4638411138411138
tx_id_2,1690,0.0045454545454545
tx_id_2,170,0.0318181818181818
tx_id_2,1700,0.15
tx_id_2,1710,0.6818181818181818
tx_id_2,1720,0.4090909090909091
tx_id_2,1730,0.0591193690030899
tx_id_2,1740,0.0273093841642228
tx_id_2,1750,0.8045454545454546
tx_id_2,1760,0.2590909090909091
tx_id_2,1770,0.0318181818181818
tx_id_2,1780,0.059090909090909
tx_id_2,1790,0.1
tx_id_2,180,0.6909090909090909
tx_id_2,1800,0.0136363636363636
tx_id_2,1810,0.35
tx_id_2,1820,0.1318181818181818
tx_id_2,1830,0.0136363636363636
tx_id_2,1840,0.1318181818181818
tx_id_2,1850,0.0227272727272727
tx_id_2,1860,0.5045454545454545
tx_id_2,1870,0.4818181818181818
tx_id_2,1880,0.1363636363636363
tx_id_2,190,0.0409090909090909
tx_id_2,20,0.8090909090909091
tx_id_2,200,0.1454545454545454
tx_id_2,210,0.6090909090909091
tx_id_2,220,0.1272727272727272
tx_id_2,230,0.1181818181818181
tx_id_2,240,0.6408113391984359
tx_id_2,250,0.3
tx_id_2,260,0.1682692307692307
tx_id_2,270,0.0409090909090909
tx_id_2,280,0.05
tx_id_2,290,0.0136363636363636
tx_id_2,30,0.7272727272727273
tx_id_2,300,0.713961038961039
tx_id_2,310,0.3727272727272727
tx_id_2,320,0.1363636363636363
tx_id_2,330,0.2454545454545454
tx_id_2,340,0.0181818181818181
tx_id_2,350,0.1137150066766329
tx_id_2,360,0.5590909090909091
tx_id_2,370,0.4227272727272727
tx_id_2,380,0.0681818181818181
tx_id_2,390,0.5136363636363637
tx_id_2,40,0.1545454545454545
tx_id_2,400,0.009090909090909
tx_id_2,410,0.009090909090909
tx_id_2,420,0.0227272727272727
tx_id_2,430,0.2636363636363636
tx_id_2,440,0.5136363636363637
tx_id_2,450,0.6227272727272727
tx_id_2,460,0.2228146853146853
tx_id_2,470,0.0
tx_id_2,480,0.15
tx_id_2,490,0.209090909090909
tx_id_2,50,0.1227272727272727
tx_id_2,500,0.7772727272727272
tx_id_2,510,0.8540106951871658
tx_id_2,520,0.0136363636363636
tx_id_2,530,0.2363636363636363
tx_id_2,540,0.0636363636363636
tx_id_2,550,0.0545454545454545
tx_id_2,560,0.1227272727272727
tx_id_2,570,0.0
tx_id_2,580,0.1136363636363636
tx_id_2,590,0.0045454545454545
tx_id_2,60,0.009090909090909
tx_id_2,600,0.0181818181818181
tx_id_2,610,0.1454545454545454
tx_id_2,620,0.0454545454545454
tx_id_2,630,0.3228365384615384
tx_id_2,640,0.3909090909090909
tx_id_2,650,0.3548821548821549
tx_id_2,660,0.1681818181818181
tx_id_2,670,0.6090909090909091
tx_id_2,680,0.3136363636363636
tx_id_2,690,0.7227272727272728
tx_id_2,70,0.0
tx_id_2,700,0.0454545454545454
tx_id_2,710,0.05
tx_id_2,720,0.1275401069518716
tx_id_2,730,0.0363636363636363
tx_id_2,740,0.109245629736832
tx_id_2,750,0.1545454545454545
tx_id_2,760,0.0863636363636363
tx_id_2,770,0.4545454545454545
tx_id_2,780,0.0092349585897972
tx_id_2,790,0.6136363636363636
tx_id_2,80,0.0
tx_id_2,800,0.1546044864226682
tx_id_2,810,0.0685182357549158
tx_id_2,820,0.2685164015989258
tx_id_2,830,0.0318181818181818
tx_id_2,840,0.0
tx_id_2,850,0.5136363636363637
tx_id_2,860,0.1318181818181818
tx_id_2,870,0.6954545454545454
tx_id_2,880,0.4636363636363636
tx_id_2,890,0.359090909090909
tx_id_2,90,0.1909090909090909
tx_id_2,900,0.0136363636363636
tx_id_2,910,0.0
tx_id_2,920,0.5863636363636363
tx_id_2,930,0.2954545454545454
tx_id_2,940,0.2863636363636364
tx_id_2,950,0.0045454545454545
tx_id_2,960,0.3272727272727272
tx_id_2,970,0.1681818181818181
tx_id_2,980,0.0181818181818181
tx_id_2,990,0.3954545454545454
tx_id_3,0,0.0181818181818181
tx_id_3,10,0.6681818181818182
tx_id_3,100,0.0136363636363636
tx_id_3,1000,0.5318181818181819
tx_id_3,1010,0.5454545454545454
tx_id_3,1020,0.4363636363636363
tx_id_3,1030,0.0863636363636363
tx_id_3,1040,0.5
tx_id_3,1050,0.0545454545454545
tx_id_3,1060,0.3181818181818182
tx_id_3,1070,0.1363636363636363
tx_id_3,1080,0.6318181818181818
tx_id_3,1090,0.5363636363636364
tx_id_3,110,0.009090909090909
tx_id_3,1100,0.0
tx_id_3,1110,0.7136363636363636
tx_id_3,1120,0.2318181818181818
tx_id_3,1130,0.2045454545454545
tx_id_3,1140,0.086694214876033
tx_id_3,1150,0.15
tx_id_3,1160,0.274025974025974
tx_id_3,1170,0.2000483418646201
tx_id_3,1180,0.2545714285714285
tx_id_3,1190,0.65
tx_id_3,120,0.4181818181818181
tx_id_3,1200,0.0
tx_id_3,1210,0.6772727272727272
tx_id_3,1220,0.0273603259403478
tx_id_3,1230,0.4363636363636363
tx_id_3,1240,0.0
tx_id_3,1250,0.0045454545454545
tx_id_3,1260,0.0045454545454545
tx_id_3,1270,0.2181889093745568
tx_id_3,1280,0.4636363636363636
tx_id_3,1290,0.0818181818181818
tx_id_3,130,0.0045454545454545
tx_id_3,1300,0.0
tx_id_3,1310,0.5636363636363636
tx_id_3,1320,0.0
tx_id_3,1330,0.1590909090909091
tx_id_3,1340,0.5590909090909091
tx_id_3,1350,0.6545454545454545
tx_id_3,1360,0.0545454545454545
tx_id_3,1370,0.0227272727272727
tx_id_3,1380,0.4954545454545455
tx_id_3,1390,0.5454545454545454
tx_id_3,140,0.3727272727272727
tx_id_3,1400,0.4909090909090909
tx_id_3,1410,0.1363636363636363
tx_id_3,1420,0.1136363636363636
tx_id_3,1430,0.0045454545454545
tx_id_3,1440,0.3363636363636363
tx_id_3,1450,0.0
tx_id_3,1460,0.5727272727272728
tx_id_3,1470,0.1681818181818181
tx_id_3,1480,0.05
tx_id_3,1490,0.2045454545454545
tx_id_3,150,0.2590909090909091
tx_id_3,1500,0.2136363636363636
tx_id_3,1510,0.0
tx_id_3,1520,0.5
tx_id_3,1530,0.209090909090909
tx_id_3,1540,0.1727272727272727
tx_id_3,1550,0.5
tx_id_3,1560,0.2181818181818181
tx_id_3,1570,0.0
tx_id_3,1580,0.2954545454545454
tx_id_3,1590,0.5681818181818182
tx_id_3,160,0.1411067193675889
tx_id_3,1600,0.0954545454545454
tx_id_3,1610,0.5409090909090909
tx_id_3,1620,0.6045454545454545
tx_id_3,1630,0.1455342902711323
tx_id_3,1640,0.2909090909090909
tx_id_3,1650,0.1272727272727272
tx_id_3,1660,0.0369122560225074
tx_id_3,1670,0.1681818181818181
tx_id_3,1680,0.4772727272727273
tx_id_3,1690,0.0
tx_id_3,170,0.0363636363636363
tx_id_3,1700,0.1954545454545454
tx_id_3,1710,0.6409090909090909
tx_id_3,1720,0.4954545454545455
tx_id_3,1730,0.0409090909090909
tx_id_3,1740,0.1636730205278592
tx_id_3,1750,0.6636363636363637
tx_id_3,1760,0.2863636363636364
tx_id_3,1770,0.0227272727272727
tx_id_3,1780,0.1363636363636363
tx_id_3,1790,0.0954805194805194
tx_id_3,180,0.65
tx_id_3,1800,0.0045454545454545
tx_id_3,1810,0.3409090909090909
tx_id_3,1820,0.1681818181818181
tx_id_3,1830,0.0045454545454545
tx_id_3,1840,0.1363636363636363
tx_id_3,1850,0.0772727272727272
tx_id_3,1860,0.4454545454545454
tx_id_3,1870,0.4272727272727272
tx_id_3,1880,0.1181818181818181
tx_id_3,190,0.0363636363636363
tx_id_3,20,0.7954545454545454
tx_id_3,200,0.1181818181818181
tx_id_3,210,0.6090909090909091
tx_id_3,220,0.1227272727272727
tx_id_3,230,0.1272727272727272
tx_id_3,240,0.5676295210166178
tx_id_3,250,0.3045454545454545
tx_id_3,260,0.1092149785698172
tx_id_3,270,0.0409090909090909
tx_id_3,280,0.0181818181818181
tx_id_3,290,0.0272727272727272
tx_id_3,30,0.8
tx_id_3,300,0.7045454545454546
tx_id_3,310,0.3727272727272727
tx_id_3,320,0.1590909090909091
tx_id_3,330,0.2683367768595041
tx_id_3,340,0.0
tx_id_3,350,0.0773454280121295
tx_id_3,360,0.5454545454545454
tx_id_3,370,0.3409443269908386
tx_id_3,380,0.0272727272727272
tx_id_3,390,0.509090909090909
tx_id_3,40,0.1363636363636363
tx_id_3,400,0.0136363636363636
tx_id_3,410,0.009090909090909
tx_id_3,420,0.0
tx_id_3,430,0.1772727272727272
tx_id_3,440,0.55
tx_id_3,450,0.7227272727272728
tx_id_3,460,0.2409090909090909
tx_id_3,470,0.0045454545454545
tx_id_3,480,0.15
tx_id_3,490,0.1772727272727272
tx_id_3,50,0.1909090909090909
tx_id_3,500,0.6727272727272727
tx_id_3,510,0.7863636363636364
tx_id_3,520,0.0136363636363636
tx_id_3,530,0.1736742424242424
tx_id_3,540,0.0636363636363636
tx_id_3,550,0.0409090909090909
tx_id_3,560,0.1136363636363636
tx_id_3,570,0.0
tx_id_3,580,0.1
tx_id_3,590,0.0
tx_id_3,60,0.009090909090909
tx_id_3,600,0.009090909090909
tx_id_3,610,0.1636363636363636
tx_id_3,620,0.0318181818181818
tx_id_3,630,0.2545454545454545
tx_id_3,640,0.4181818181818181
tx_id_3,650,0.3505989380989381
tx_id_3,660,0.1636363636363636
tx_id_3,670,0.6045454545454545
tx_id_3,680,0.2454545454545454
tx_id_3,690,0.7045454545454546
tx_id_3,70,0.0
tx_id_3,700,0.0909586757789838
tx_id_3,710,0.1045454545454545
tx_id_3,720,0.1545454545454545
tx_id_3,730,0.0
tx_id_3,740,0.2136363636363636
tx_id_3,750,0.15
tx_id_3,760,0.0818181818181818
tx_id_3,770,0.4227272727272727
tx_id_3,780,0.0773417601006833
tx_id_3,790,0.5863636363636363
tx_id_3,80,0.0
tx_id_3,800,0.1318772136953955
tx_id_3,810,0.0321629979526246
tx_id_3,820,0.3000673694222082
tx_id_3,830,0.0136363636363636
tx_id_3,840,0.0
tx_id_3,850,0.4454545454545454
tx_id_3,860,0.1
tx_id_3,870,0.6909090909090909
tx_id_3,880,0.4590909090909091
tx_id_3,890,0.3181818181818182
tx_id_3,90,0.1954545454545454
tx_id_3,900,0.009090909090909
tx_id_3,910,0.0
tx_id_3,920,0.493566595949041
tx_id_3,930,0.1636363636363636
tx_id_3,940,0.359090909090909
tx_id_3,950,0.0
tx_id_3,960,0.3318181818181818
tx_id_3,970,0.15
tx_id_3,980,0.0227272727272727
tx_id_3,990,0.2545454545454545
tx_id_4,0,0.0136363636363636
tx_id_4,10,0.5727272727272728
tx_id_4,100,0.0227272727272727
tx_id_4,1000,0.4454545454545454
tx_id_4,1010,0.4681818181818182
tx_id_4,1020,0.2359090909090909
tx_id_4,1030,0.1636363636363636
tx_id_4,1040,0.3045454545454545
tx_id_4,1050,0.0
tx_id_4,1060,0.2181818181818181
tx_id_4,1070,0.1818181818181818
tx_id_4,1080,0.359090909090909
tx_id_4,1090,0.4863636363636364
tx_id_4,110,0.009090909090909
tx_id_4,1100,0.0
tx_id_4,1110,0.5636363636363636
tx_id_4,1120,0.2181818181818181
tx_id_4,1130,0.1409090909090909
tx_id_4,1140,0.1318181818181818
tx_id_4,1150,0.1409090909090909
tx_id_4,1160,0.1639347319347319
tx_id_4,1170,0.1592837417712674
tx_id_4,1180,0.2409350649350649
tx_id_4,1190,0.4636363636363636
tx_id_4,120,0.2820158102766798
tx_id_4,1200,0.0
tx_id_4,1210,0.5636363636363636
tx_id_4,1220,0.0091981713762243
tx_id_4,1230,0.1876385014604368
tx_id_4,1240,0.0
tx_id_4,1250,0.0136363636363636
tx_id_4,1260,0.0454545454545454
tx_id_4,1270,0.209090909090909
tx_id_4,1280,0.2681818181818182
tx_id_4,1290,0.0098717948717948
tx_id_4,130,0.0181818181818181
tx_id_4,1300,0.0
tx_id_4,1310,0.3636363636363636
tx_id_4,1320,0.0
tx_id_4,1330,0.0681818181818181
tx_id_4,1340,0.4818181818181818
tx_id_4,1350,0.5363636363636364
tx_id_4,1360,0.0545454545454545
tx_id_4,1370,0.0045454545454545
tx_id_4,1380,0.4545454545454545
tx_id_4,1390,0.4954545454545455
tx_id_4,140,0.209090909090909
tx_id_4,1400,0.6409090909090909
tx_id_4,1410,0.1909090909090909
tx_id_4,1420,0.1045454545454545
tx_id_4,1430,0.0045454545454545
tx_id_4,1440,0.2181818181818181
tx_id_4,1450,0.009090909090909
tx_id_4,1460,0.4409090909090909
tx_id_4,1470,0.1454545454545454
tx_id_4,1480,0.0181818181818181
tx_id_4,1490,0.05
tx_id_4,150,0.2272727272727272
tx_id_4,1500,0.2275798525798525
tx_id_4,1510,0.0
tx_id_4,1520,0.359090909090909
tx_id_4,1530,0.1295454545454545
tx_id_4,1540,0.1227272727272727
tx_id_4,1550,0.4954545454545455
tx_id_4,1560,0.1000962737422067
tx_id_4,1570,0.0045454545454545
tx_id_4,1580,0.1636363636363636
tx_id_4,1590,0.4
tx_id_4,160,0.1409888357256778
tx_id_4,1600,0.0363636363636363
tx_id_4,1610,0.4545454545454545
tx_id_4,1620,0.5227272727272727
tx_id_4,1630,0.1909888357256778
tx_id_4,1640,0.3181818181818182
tx_id_4,1650,0.1273923444976076
tx_id_4,1660,0.01834763603569
tx_id_4,1670,0.2545454545454545
tx_id_4,1680,0.3954545454545454
tx_id_4,1690,0.0
tx_id_4,170,0.0272727272727272
tx_id_4,1700,0.2
tx_id_4,1710,0.5545454545454546
tx_id_4,1720,0.3909090909090909
tx_id_4,1730,0.0136363636363636
tx_id_4,1740,0.1227272727272727
tx_id_4,1750,0.5818181818181818
tx_id_4,1760,0.15
tx_id_4,1770,0.0227272727272727
tx_id_4,1780,0.0136363636363636
tx_id_4,1790,0.0636363636363636
tx_id_4,180,0.4681818181818182
tx_id_4,1800,0.0272727272727272
tx_id_4,1810,0.3636363636363636
tx_id_4,1820,0.0272727272727272
tx_id_4,1830,0.0045454545454545
tx_id_4,1840,0.1318181818181818
tx_id_4,1850,0.009090909090909
tx_id_4,1860,0.3772727272727272
tx_id_4,1870,0.2818181818181818
tx_id_4,1880,0.1272727272727272
tx_id_4,190,0.0272727272727272
tx_id_4,20,0.55
tx_id_4,200,0.0455915067771542
tx_id_4,210,0.4863636363636364
tx_id_4,220,0.0954545454545454
tx_id_4,230,0.0909090909090909
tx_id_4,240,0.3631408065618591
tx_id_4,250,0.209090909090909
tx_id_4,260,0.0910424179328981
tx_id_4,270,0.0363636363636363
tx_id_4,280,0.0454545454545454
tx_id_4,290,0.0181818181818181
tx_id_4,30,0.6636363636363637
tx_id_4,300,0.5681818181818182
tx_id_4,310,0.4227272727272727
tx_id_4,320,0.1136363636363636
tx_id_4,330,0.2227272727272727
tx_id_4,340,0.0045454545454545
tx_id_4,350,0.0095552205680362
tx_id_4,360,0.3272727272727272
tx_id_4,370,0.3181818181818182
tx_id_4,380,0.0636363636363636
tx_id_4,390,0.5727272727272728
tx_id_4,40,0.1182171089779785
tx_id_4,400,0.0045454545454545
tx_id_4,410,0.0
tx_id_4,420,0.0
tx_id_4,430,0.25
tx_id_4,440,0.5409090909090909
tx_id_4,450,0.6045454545454545
tx_id_4,460,0.2909090909090909
tx_id_4,470,0.0
tx_id_4,480,0.0863636363636363
tx_id_4,490,0.1772727272727272
tx_id_4,50,0.1727272727272727
tx_id_4,500,0.5863636363636363
tx_id_4,510,0.6
tx_id_4,520,0.0045454545454545
tx_id_4,530,0.1863636363636363
tx_id_4,540,0.0545454545454545
tx_id_4,550,0.0363636363636363
tx_id_4,560,0.1590909090909091
tx_id_4,570,0.0
tx_id_4,580,0.0863636363636363
tx_id_4,590,0.0045454545454545
tx_id_4,60,0.0045454545454545
tx_id_4,600,0.009090909090909
tx_id_4,610,0.2272727272727272
tx_id_4,620,0.0181818181818181
tx_id_4,630,0.2363636363636363
tx_id_4,640,0.2181818181818181
tx_id_4,650,0.1867003367003367
tx_id_4,660,0.0954545454545454
tx_id_4,670,0.5272727272727272
tx_id_4,680,0.0863636363636363
tx_id_4,690,0.6590909090909091
tx_id_4,70,0.0
tx_id_4,700,0.086386830178619
tx_id_4,710,0.059090909090909
tx_id_4,720,0.1181818181818181
tx_id_4,730,0.0181818181818181
tx_id_4,740,0.0818812657709882
tx_id_4,750,0.3090909090909091
tx_id_4,760,0.0681818181818181
tx_id_4,770,0.5454545454545454
tx_id_4,780,0.0364002932551319
tx_id_4,790,0.4636363636363636
tx_id_4,80,0.0
tx_id_4,800,0.0819109461966604
tx_id_4,810,0.0364750314344837
tx_id_4,820,0.0864077669902912
tx_id_4,830,0.009090909090909
tx_id_4,840,0.009090909090909
tx_id_4,850,0.3363636363636363
tx_id_4,860,0.1409090909090909
tx_id_4,870,0.55
tx_id_4,880,0.3090909090909091
tx_id_4,890,0.1545758758809511
tx_id_4,90,0.1863636363636363
tx_id_4,900,0.009090909090909
tx_id_4,910,0.0
tx_id_4,920,0.5545454545454546
tx_id_4,930,0.1909090909090909
tx_id_4,940,0.3136363636363636
tx_id_4,950,0.0
tx_id_4,960,0.2954545454545454
tx_id_4,970,0.0772727272727272
tx_id_4,980,0.0
tx_id_4,990,0.2545454545454545
tx_id_5,0,0.0045454545454545
tx_id_5,10,0.2909090909090909
tx_id_5,100,0.0181818181818181
tx_id_5,1000,0.2545454545454545
tx_id_5,1010,0.2772727272727273
tx_id_5,1020,0.1313967879770148
tx_id_5,1030,0.1545454545454545
tx_id_5,1040,0.0181818181818181
tx_id_5,1050,0.0045454545454545
tx_id_5,1060,0.1045895851721094
tx_id_5,1070,0.113908480646678
tx_id_5,1080,0.3454545454545454
tx_id_5,1090,0.3409090909090909
tx_id_5,110,0.0
tx_id_5,1100,0.0
tx_id_5,1110,0.0818181818181818
tx_id_5,1120,0.3272727272727272
tx_id_5,1130,0.0409152003910068
tx_id_5,1140,0.0045454545454545
tx_id_5,1150,0.09575260804769
tx_id_5,1160,0.0772727272727272
tx_id_5,1170,0.0364119782282565
tx_id_5,1180,0.1636623376623376
tx_id_5,1190,0.1363636363636363
tx_id_5,120,0.1181818181818181
tx_id_5,1200,0.0
tx_id_5,1210,0.2591991341991342
tx_id_5,1220,0.004645187847298
tx_id_5,1230,0.1229617958231396
tx_id_5,1240,0.0
tx_id_5,1250,0.009090909090909
tx_id_5,1260,0.0
tx_id_5,1270,0.0818252730109204
tx_id_5,1280,0.0728861725862093
tx_id_5,1290,0.0319840647857889
tx_id_5,130,0.0
tx_id_5,1300,0.0
tx_id_5,1310,0.4181818181818181
tx_id_5,1320,0.0227272727272727
tx_id_5,1330,0.2318181818181818
tx_id_5,1340,0.2818181818181818
tx_id_5,1350,0.1363636363636363
tx_id_5,1360,0.0363636363636363
tx_id_5,1370,0.0
tx_id_5,1380,0.3090909090909091
tx_id_5,1390,0.3181818181818182
tx_id_5,140,0.1318826563507414
tx_id_5,1400,0.5136363636363637
tx_id_5,1410,0.0151905319287293
tx_id_5,1420,0.0772727272727272
tx_id_5,1430,0.0
tx_id_5,1440,0.0272727272727272
tx_id_5,1450,0.0045454545454545
tx_id_5,1460,0.2681818181818182
tx_id_5,1470,0.1272727272727272
tx_id_5,1480,0.0181818181818181
tx_id_5,1490,0.0181818181818181
tx_id_5,150,0.1227272727272727
tx_id_5,1500,0.1142504404140042
tx_id_5,1510,0.009090909090909
tx_id_5,1520,0.1636363636363636
tx_id_5,1530,0.0545454545454545
tx_id_5,1540,0.0272727272727272
tx_id_5,1550,0.4318181818181818
tx_id_5,1560,0.1841542983726676
tx_id_5,1570,0.0136363636363636
tx_id_5,1580,0.059090909090909
tx_id_5,1590,0.2318181818181818
tx_id_5,160,0.1500094304036212
tx_id_5,1600,0.0363636363636363
tx_id_5,1610,0.1692631325710404
tx_id_5,1620,0.5863636363636363
tx_id_5,1630,0.159170653907496
tx_id_5,1640,0.0454545454545454
tx_id_5,1650,0.0227272727272727
tx_id_5,1660,0.009090909090909
tx_id_5,1670,0.1909540954095409
tx_id_5,1680,0.3
tx_id_5,1690,0.0136363636363636
tx_id_5,170,0.0
tx_id_5,1700,0.1456898515005927
tx_id_5,1710,0.3181818181818182
tx_id_5,1720,0.2454545454545454
tx_id_5,1730,0.0181818181818181
tx_id_5,1740,0.0
tx_id_5,1750,0.2227272727272727
tx_id_5,1760,0.0454545454545454
tx_id_5,1770,0.0045454545454545
tx_id_5,1780,0.009090909090909
tx_id_5,1790,0.0681818181818181
tx_id_5,180,0.2909090909090909
tx_id_5,1800,0.0363636363636363
tx_id_5,1810,0.2681818181818182
tx_id_5,1820,0.0545740825100361
tx_id_5,1830,0.0
tx_id_5,1840,0.1
tx_id_5,1850,0.0
tx_id_5,1860,0.2863636363636364
tx_id_5,1870,0.2363636363636363
tx_id_5,1880,0.1590909090909091
tx_id_5,190,0.0227272727272727
tx_id_5,20,0.4772727272727273
tx_id_5,200,0.0181889093745568
tx_id_5,210,0.1637603305785124
tx_id_5,220,0.0863636363636363
tx_id_5,230,0.1272727272727272
tx_id_5,240,0.0636736214605067
tx_id_5,250,0.0092674230046488
tx_id_5,260,0.0182184750733137
tx_id_5,270,0.109090909090909
tx_id_5,280,0.0318181818181818
tx_id_5,290,0.0
tx_id_5,30,0.4909090909090909
tx_id_5,300,0.2370011576679422
tx_id_5,310,0.2636363636363636
tx_id_5,320,0.0727832512315271
tx_id_5,330,0.2227272727272727
tx_id_5,340,0.0
tx_id_5,350,0.0233460864223976
tx_id_5,360,0.1772727272727272
tx_id_5,370,0.3727272727272727
tx_id_5,380,0.0636363636363636
tx_id_5,390,0.4
tx_id_5,40,0.072762563523433
tx_id_5,400,0.009090909090909
tx_id_5,410,0.0
tx_id_5,420,0.0
tx_id_5,430,0.1454545454545454
tx_id_5,440,0.35
tx_id_5,450,0.1818181818181818
tx_id_5,460,0.0954850928641251
tx_id_5,470,0.0
tx_id_5,480,0.0909090909090909
tx_id_5,490,0.1363636363636363
tx_id_5,50,0.0363636363636363
tx_id_5,500,0.2772727272727273
tx_id_5,510,0.4185064935064935
tx_id_5,520,0.0
tx_id_5,530,0.1273831431726168
tx_id_5,540,0.0409090909090909
tx_id_5,550,0.009090909090909
tx_id_5,560,0.1727272727272727
tx_id_5,570,0.0
tx_id_5,580,0.059090909090909
tx_id_5,590,0.0
tx_id_5,60,0.009090909090909
tx_id_5,600,0.009090909090909
tx_id_5,610,0.0682377966860725
tx_id_5,620,0.0091408591408591
tx_id_5,630,0.05
tx_id_5,640,0.05
tx_id_5,650,0.15
tx_id_5,660,0.059090909090909
tx_id_5,670,0.2772727272727273
tx_id_5,680,0.1636363636363636
tx_id_5,690,0.4954545454545455
tx_id_5,70,0.0136363636363636
tx_id_5,700,0.0139983813761783
tx_id_5,710,0.0412323422191843
tx_id_5,720,0.0592375366568914
tx_id_5,730,0.0136363636363636
tx_id_5,740,0.0456356931617792
tx_id_5,750,0.1591224200409642
tx_id_5,760,0.1681818181818181
tx_id_5,770,0.5045454545454545
tx_id_5,780,0.0272727272727272
tx_id_5,790,0.4
tx_id_5,80,0.0
tx_id_5,800,0.0591836734693877
tx_id_5,810,0.0364665240405981
tx_id_5,820,0.0784090909090909
tx_id_5,830,0.0136363636363636
tx_id_5,840,0.0
tx_id_5,850,0.4045454545454545
tx_id_5,860,0.0772727272727272
tx_id_5,870,0.1318181818181818
tx_id_5,880,0.0501165501165501
tx_id_5,890,0.0507461621263352
tx_id_5,90,0.0863636363636363
tx_id_5,900,0.0045454545454545
tx_id_5,910,0.0045454545454545
tx_id_5,920,0.3318181818181818
tx_id_5,930,0.0136363636363636
tx_id_5,940,0.25
tx_id_5,950,0.0045454545454545
tx_id_5,960,0.1818181818181818
tx_id_5,970,0.0545454545454545
tx_id_5,980,0.0
tx_id_5,990,0.0909090909090909
tx_id_6,0,0.0045454545454545
tx_id_6,10,0.1
tx_id_6,100,0.009090909090909
tx_id_6,1000,0.1136363636363636
tx_id_6,1010,0.0409090909090909
tx_id_6,1020,0.0182149697951966
tx_id_6,1030,0.2
tx_id_6,1040,0.1272727272727272
tx_id_6,1050,0.0045454545454545
tx_id_6,1060,0.0272727272727272
tx_id_6,1070,0.1183118795329383
tx_id_6,1080,0.2318534178999295
tx_id_6,1090,0.1636363636363636
tx_id_6,110,0.0
tx_id_6,1100,0.0
tx_id_6,1110,0.15
tx_id_6,1120,0.2545454545454545
tx_id_6,1130,0.0181818181818181
tx_id_6,1140,0.0045454545454545
tx_id_6,1150,0.0681818181818181
tx_id_6,1160,0.0205049385204595
tx_id_6,1170,0.0136847055009837
tx_id_6,1180,0.1545454545454545
tx_id_6,1190,0.1181818181818181
tx_id_6,120,0.1454545454545454
tx_id_6,1200,0.0
tx_id_6,1210,0.0728354978354978
tx_id_6,1220,0.0045454545454545
tx_id_6,1230,0.0955424409844299
tx_id_6,1240,0.0
tx_id_6,1250,0.0045454545454545
tx_id_6,1260,0.0227272727272727
tx_id_6,1270,0.0272798184654658
tx_id_6,1280,0.0047015767366423
tx_id_6,1290,0.032616313675498
tx_id_6,130,0.0
tx_id_6,1300,0.0045454545454545
tx_id_6,1310,0.1818181818181818
tx_id_6,1320,0.0272727272727272
tx_id_6,1330,0.0863636363636363
tx_id_6,1340,0.2727272727272727
tx_id_6,1350,0.0772727272727272
tx_id_6,1360,0.0545454545454545
tx_id_6,1370,0.0045454545454545
tx_id_6,1380,0.0863636363636363
tx_id_6,1390,0.1045454545454545
tx_id_6,140,0.0137008381689232
tx_id_6,1400,0.5363636363636364
tx_id_6,1410,0.0250559774285032
tx_id_6,1420,0.0909090909090909
tx_id_6,1430,0.009090909090909
tx_id_6,1440,0.0772727272727272
tx_id_6,1450,0.0227272727272727
tx_id_6,1460,0.1681818181818181
tx_id_6,1470,0.1318181818181818
tx_id_6,1480,0.009090909090909
tx_id_6,1490,0.0409090909090909
tx_id_6,150,0.0681818181818181
tx_id_6,1500,0.0864801864801864
tx_id_6,1510,0.0318181818181818
tx_id_6,1520,0.0637529137529137
tx_id_6,1530,0.0318298667913063
tx_id_6,1540,0.0181818181818181
tx_id_6,1550,0.1909090909090909
tx_id_6,1560,0.0708985623353243
tx_id_6,1570,0.0
tx_id_6,1580,0.0409090909090909
tx_id_6,1590,0.0454545454545454
tx_id_6,160,0.2
tx_id_6,1600,0.0409090909090909
tx_id_6,1610,0.0409713574097135
tx_id_6,1620,0.1454545454545454
tx_id_6,1630,0.0363797316566204
tx_id_6,1640,0.0196875
tx_id_6,1650,0.0545454545454545
tx_id_6,1660,0.0272727272727272
tx_id_6,1670,0.1318181818181818
tx_id_6,1680,0.2306818181818181
tx_id_6,1690,0.0
tx_id_6,170,0.0227272727272727
tx_id_6,1700,0.0182900432900432
tx_id_6,1710,0.3045454545454545
tx_id_6,1720,0.05
tx_id_6,1730,0.0091057484391519
tx_id_6,1740,0.0045454545454545
tx_id_6,1750,0.2590909090909091
tx_id_6,1760,0.0318181818181818
tx_id_6,1770,0.0
tx_id_6,1780,0.0045454545454545
tx_id_6,1790,0.0454545454545454
tx_id_6,180,0.05
tx_id_6,1800,0.0318181818181818
tx_id_6,1810,0.05
tx_id_6,1820,0.0318213361933001
tx_id_6,1830,0.0
tx_id_6,1840,0.1015151515151515
tx_id_6,1850,0.0181818181818181
tx_id_6,1860,0.1046620046620046
tx_id_6,1870,0.2045454545454545
tx_id_6,1880,0.1545454545454545
tx_id_6,190,0.0227272727272727
tx_id_6,20,0.1707070707070707
tx_id_6,200,0.0363636363636363
tx_id_6,210,0.0501612247662918
tx_id_6,220,0.05
tx_id_6,230,0.0954545454545454
tx_id_6,240,0.1685064935064935
tx_id_6,250,0.0091713293834854
tx_id_6,260,0.0091214565004887
tx_id_6,270,0.0863636363636363
tx_id_6,280,0.0136363636363636
tx_id_6,290,0.0045454545454545
tx_id_6,30,0.1681818181818181
tx_id_6,300,0.0455859565045006
tx_id_6,310,0.1454545454545454
tx_id_6,320,0.0818741603224361
tx_id_6,330,0.009090909090909
tx_id_6,340,0.0
tx_id_6,350,0.0045778439112474
tx_id_6,360,0.0909090909090909
tx_id_6,370,0.2681818181818182
tx_id_6,380,0.1136363636363636
tx_id_6,390,0.3415151515151515
tx_id_6,40,0.0409443817052512
tx_id_6,400,0.0045454545454545
tx_id_6,410,0.0
tx_id_6,420,0.0
tx_id_6,430,0.1772727272727272
tx_id_6,440,0.0704545454545454
tx_id_6,450,0.0818181818181818
tx_id_6,460,0.0091518778359853
tx_id_6,470,0.0045454545454545
tx_id_6,480,0.059090909090909
tx_id_6,490,0.0727272727272727
tx_id_6,50,0.0545454545454545
tx_id_6,500,0.0454545454545454
tx_id_6,510,0.2116161616161616
tx_id_6,520,0.0
tx_id_6,530,0.0410195068089804
tx_id_6,540,0.009090909090909
tx_id_6,550,0.0
tx_id_6,560,0.1681818181818181
tx_id_6,570,0.0
tx_id_6,580,0.0636363636363636
tx_id_6,590,0.0
tx_id_6,60,0.0045454545454545
tx_id_6,600,0.0181818181818181
tx_id_6,610,0.1590909090909091
tx_id_6,620,0.0045454545454545
tx_id_6,630,0.0409090909090909
tx_id_6,640,0.0318181818181818
tx_id_6,650,0.0591222570532915
tx_id_6,660,0.0227272727272727
tx_id_6,670,0.2590909090909091
tx_id_6,680,0.1545454545454545
tx_id_6,690,0.1409090909090909
tx_id_6,70,0.0
tx_id_6,700,0.0138683889067058
tx_id_6,710,0.0095469497607655
tx_id_6,720,0.0091261998870694
tx_id_6,730,0.0045454545454545
tx_id_6,740,0.0046075325844932
tx_id_6,750,0.0864603481624758
tx_id_6,760,0.1
tx_id_6,770,0.3318181818181818
tx_id_6,780,0.05
tx_id_6,790,0.0727272727272727
tx_id_6,80,0.0
tx_id_6,800,0.0137419586008295
tx_id_6,810,0.0091830737182637
tx_id_6,820,0.0683501683501683
tx_id_6,830,0.0
tx_id_6,840,0.0
tx_id_6,850,0.3
tx_id_6,860,0.0181818181818181
tx_id_6,870,0.0863636363636363
tx_id_6,880,0.0137529137529137
tx_id_6,890,0.0046377732325403
tx_id_6,90,0.0727272727272727
tx_id_6,900,0.0045454545454545
tx_id_6,910,0.0045454545454545
tx_id_6,920,0.1001466275659824
tx_id_6,930,0.0045454545454545
tx_id_6,940,0.2772727272727273
tx_id_6,950,0.0
tx_id_6,960,0.0702272727272727
tx_id_6,970,0.0318181818181818
tx_id_6,980,0.0
tx_id_6,990,0.0275568181818181
